id,First name,Last name,Age,Job title
1,Laura,Davis,38,Project Manager
2,Chris,Brown,49,Data Analyst
3,Chris,Rodriguez,31,HR Coordinator
4,Emily,Johnson,27,Consultant
5,Michael,Martinez,47,Sales Manager
6,Emily,Williams,43,Researcher
7,David,Martinez,58,Consultant
8,Alex,Davis,38,Designer
9,Sarah,Garcia,56,Accountant
10,Katie,Miller,56,Project Manager
11,Emily,Garcia,42,Designer
12,Chris,Garcia,42,Designer
13,Alex,Jones,37,Consultant
14,Chris,Martinez,39,Consultant
15,Sarah,Jones,30,HR Coordinator
16,Sarah,Davis,48,Project Manager
17,Chris,Martinez,43,HR Coordinator
18,Emily,Williams,43,Designer
19,Sarah,Rodriguez,46,HR Coordinator
20,Sarah,Jones,51,Marketing Specialist
21,David,Davis,47,Marketing Specialist
22,Emily,Johnson,36,Project Manager
23,Jane,Smith,32,HR Coordinator
24,Laura,Garcia,46,Project Manager
25,Laura,Garcia,51,Consultant
26,Chris,Martinez,35,Researcher
27,Katie,Miller,34,Researcher
28,Sarah,Johnson,56,Sales Manager
29,John,Jones,29,Data Analyst
30,Katie,Garcia,34,Project Manager
31,Emily,Brown,51,Sales Manager
32,Sarah,Miller,33,Marketing Specialist
33,Alex,Davis,36,Software Engineer
34,John,Williams,52,Designer
35,Alex,Brown,23,Project Manager
36,John,Williams,49,Data Analyst
37,Chris,Brown,42,Software Engineer
38,Sarah,Miller,47,Data Analyst
39,Chris,Brown,26,Sales Manager
40,Katie,Davis,41,Software Engineer
41,Katie,Martinez,22,Consultant
42,Chris,Williams,46,Designer
43,Sarah,Johnson,47,Marketing Specialist
44,Chris,Smith,48,Marketing Specialist
45,Emily,Rodriguez,28,Data Analyst
46,Katie,Davis,28,Consultant
47,Michael,Smith,25,Researcher
48,Laura,Rodriguez,44,Researcher
49,Laura,Miller,40,Researcher
50,Sarah,Smith,34,Project Manager